timestamp_utc	commit	run_name	profile	status	description	val_bpb	eval_loss	eval_loss_lm	eval_loss_jepa	eval_loss_sigreg	train_loss	train_loss_lm	train_loss_jepa	train_loss_sigreg	lambda_jepa	beta_sigreg	jepa_aux_dropped	jepa_dropout_fraction	peak_memory_gb	tokens_per_sec	tokens_processed	num_steps	wall_seconds	device	dtype	optimizer	lr	weight_decay	batch_size	seq_len	train_shards	eval_batches	config	checkpoint	run_dir
2026-04-17T03:42:09+00:00	f4a5f4b	smoke-live	smoke	baseline	live smoke pass	4.735350	8.411258	6.928571	0.950498	483.750000	7.490804	6.525050	0.688192	476.250000	0.020020	0.001999	0.000000	0.000000	0.732	2550.455639	256	2	2.526143	cuda	bfloat16	adamw	0.00030000	0.01000000	2	64	1	2	/workspace/jepa-code/architechtures/v1/intertwined_hjepa.yaml	/workspace/jepa-code/architechtures/v1/runs/autoresearch/smoke-live/latest.pt	/workspace/jepa-code/architechtures/v1/runs/autoresearch/smoke-live
2026-04-17T04:44:09+00:00	cb9a184	full-nocompile-20260417-044333	full	pending	baseline full pipeline no-compile	4.234914	111.206878	6.091372	3.328702	1016.875000	112.881859	6.114573	3.551184	1140.000000	0.910156	0.090820	0.000000	0.000000	1.306	22057.031835	102400	100	7.643488	cuda	bfloat16	adamw	0.00030000	0.01000000	8	128	1	8	/workspace/jepa-code/architechtures/v1/intertwined_hjepa.yaml	/workspace/jepa-code/architechtures/v1/runs/autoresearch/full-nocompile-20260417-044333/latest.pt	/workspace/jepa-code/architechtures/v1/runs/autoresearch/full-nocompile-20260417-044333
2026-04-17T05:16:04+00:00	cb9a184	full-beta001-lambda1-tmp-20260417-051527	full	pending	full-size beta_sigreg 0.01 lambda 1 tmp checkpoints	4.175395	18.511698	6.004967	0.962968	1153.250000	17.929716	5.998893	0.873398	1224.500000	0.910156	0.009094	0.000000	0.000000	1.306	22199.999462	102400	100	6.402012	cuda	bfloat16	adamw	0.00030000	0.01000000	8	128	1	8	sweep_configs/full_beta001_lambda1.yaml	/tmp/intertwined-autoresearch-runs/full-beta001-lambda1-tmp-20260417-051527/latest.pt	/tmp/intertwined-autoresearch-runs/full-beta001-lambda1-tmp-20260417-051527
2026-04-17T05:17:06+00:00	cb9a184	full-beta0001-lambda1-tmp-20260417-051629	full	pending	full-size beta_sigreg 0.001 lambda 1 tmp checkpoints	4.193541	8.216901	6.031529	0.063038	2123.500000	8.023245	5.990419	0.092837	2137.000000	0.910156	0.000912	0.000000	0.000000	1.306	23711.677585	102400	100	6.690431	cuda	bfloat16	adamw	0.00030000	0.01000000	8	128	1	8	sweep_configs/full_beta0001_lambda1.yaml	/tmp/intertwined-autoresearch-runs/full-beta0001-lambda1-tmp-20260417-051629/latest.pt	/tmp/intertwined-autoresearch-runs/full-beta0001-lambda1-tmp-20260417-051629
2026-04-17T05:18:03+00:00	cb9a184	full-beta003-lambda1-tmp-20260417-051729	full	pending	full-size beta_sigreg 0.003 lambda 1 tmp checkpoints	4.190674	11.000360	6.029062	0.316911	1548.375000	10.745567	6.003260	0.249880	1653.000000	0.910156	0.002731	0.000000	0.000000	1.306	21752.617404	102400	100	6.792116	cuda	bfloat16	adamw	0.00030000	0.01000000	8	128	1	8	sweep_configs/full_beta003_lambda1.yaml	/tmp/intertwined-autoresearch-runs/full-beta003-lambda1-tmp-20260417-051729/latest.pt	/tmp/intertwined-autoresearch-runs/full-beta003-lambda1-tmp-20260417-051729
2026-04-17T05:20:11+00:00	cb9a184	full-beta001-lambda1-compile300-20260417-051912	full	pending	full-size beta_sigreg 0.01 lambda 1 compile 300 steps	4.217404	11.184036	6.058221	0.393073	472.812500	11.599579	6.016047	0.438532	514.500000	1.000000	0.010010	0.000000	0.000000	1.052	41362.988713	307200	300	24.301233	cuda	bfloat16	adamw	0.00030000	0.01000000	8	128	1	8	sweep_configs/full_beta001_lambda1.yaml	/tmp/intertwined-autoresearch-runs/full-beta001-lambda1-compile300-20260417-051912/latest.pt	/tmp/intertwined-autoresearch-runs/full-beta001-lambda1-compile300-20260417-051912
2026-04-17T05:22:09+00:00	cb9a184	full-beta003-lambda1-compile300-20260417-052200	full	pending	full-size beta_sigreg 0.003 lambda 1 compile 300 steps	4.204569	8.453629	6.040875	0.166347	747.312500	8.572157	6.007338	0.170819	798.000000	1.000000	0.003006	0.000000	0.000000	1.053	38166.630789	307200	300	23.911217	cuda	bfloat16	adamw	0.00030000	0.01000000	8	128	1	8	sweep_configs/full_beta003_lambda1.yaml	/tmp/intertwined-autoresearch-runs/full-beta003-lambda1-compile300-20260417-052200/latest.pt	/tmp/intertwined-autoresearch-runs/full-beta003-lambda1-compile300-20260417-052200
2026-04-17T05:23:21+00:00	cb9a184	full-beta03-lambda1-compile300-20260417-052330	full	pending	full-size beta_sigreg 0.03 lambda 1 compile 300 steps	4.192123	18.767702	6.023693	1.156454	385.875000	20.123196	6.007057	1.163639	431.750000	1.000000	0.030029	0.000000	0.000000	1.052	38225.736450	307200	300	23.915358	cuda	bfloat16	adamw	0.00030000	0.01000000	8	128	1	8	sweep_configs/full_beta03_lambda1.yaml	/tmp/intertwined-autoresearch-runs/full-beta03-lambda1-compile300-20260417-052330/latest.pt	/tmp/intertwined-autoresearch-runs/full-beta03-lambda1-compile300-20260417-052330
2026-04-17T05:24:34+00:00	cb9a184	full-default-compile300-20260417-052500	full	pending	default full beta_sigreg 0.1 compile 300 steps	4.179847	50.802846	6.009147	2.852781	419.000000	52.663914	6.038277	2.875635	437.500000	1.000000	0.100098	0.000000	0.000000	1.053	40294.657948	307200	300	23.191638	cuda	bfloat16	adamw	0.00030000	0.01000000	8	128	1	8	/workspace/jepa-code/architechtures/v1/intertwined_hjepa.yaml	/tmp/intertwined-autoresearch-runs/full-default-compile300-20260417-052500/latest.pt	/tmp/intertwined-autoresearch-runs/full-default-compile300-20260417-052500
2026-04-17T05:27:10+00:00	cb9a184	full-lm-only-compile300-20260417-052800	full	pending	full-size same architecture LM-only compile 300 steps	4.195155	6.028616	6.028616	22.708152	0.000000	6.007020	6.007020	21.795946	0.000000	0.000000	0.000000	0.000000	0.000000	1.028	40585.947384	307200	300	67.788354	cuda	bfloat16	adamw	0.00030000	0.01000000	8	128	1	8	sweep_configs/full_lm_only.yaml	/tmp/intertwined-autoresearch-runs/full-lm-only-compile300-20260417-052800/latest.pt	/tmp/intertwined-autoresearch-runs/full-lm-only-compile300-20260417-052800
2026-04-17T05:28:25+00:00	cb9a184	full-shallow-lm-only-compile300-20260417-053000	full	pending	shallow depth 2 LM-only compile 300 steps	4.173577	5.996859	5.996859	3.824749	0.000000	5.956449	5.956449	2.550367	0.000000	0.000000	0.000000	0.000000	0.000000	0.246	130836.424163	307200	300	28.842414	cuda	bfloat16	adamw	0.00030000	0.01000000	8	128	1	8	sweep_configs/full_shallow_lm_only.yaml	/tmp/intertwined-autoresearch-runs/full-shallow-lm-only-compile300-20260417-053000/latest.pt	/tmp/intertwined-autoresearch-runs/full-shallow-lm-only-compile300-20260417-053000
2026-04-17T05:29:36+00:00	cb9a184	shallow-lm-only-compile2000-20260417-053200	full	pending	shallow depth 2 LM-only compile 2000 steps	3.886587	5.587473	5.587473	15.490388	0.000000	5.710142	5.710142	16.477741	0.000000	0.000000	0.000000	0.000000	0.000000	0.248	185119.921383	2048000	2000	23.367718	cuda	bfloat16	adamw	0.00030000	0.01000000	8	128	1	8	sweep_configs/full_shallow_lm_only.yaml	/tmp/intertwined-autoresearch-runs/shallow-lm-only-compile2000-20260417-053200/latest.pt	/tmp/intertwined-autoresearch-runs/shallow-lm-only-compile2000-20260417-053200
2026-04-17T05:32:17+00:00	cb9a184	full-default-compile1000-20260417-053800	full	pending	default full beta_sigreg 0.1 compile 1000 steps	4.159861	24.035454	5.982935	2.010306	160.265625	25.382528	6.036378	2.158649	171.875000	1.000000	0.100098	0.000000	0.000000	1.053	34187.161576	1024000	1000	43.976534	cuda	bfloat16	adamw	0.00030000	0.01000000	8	128	1	8	/workspace/jepa-code/architechtures/v1/intertwined_hjepa.yaml	/tmp/intertwined-autoresearch-runs/full-default-compile1000-20260417-053800/latest.pt	/tmp/intertwined-autoresearch-runs/full-default-compile1000-20260417-053800
2026-04-17T05:34:10+00:00	cb9a184	full-default-compile2000-20260417-054000	full	pending	default full beta_sigreg 0.1 compile 2000 steps	4.165189	19.074913	5.986824	2.046066	110.312500	19.792425	6.014287	2.121887	116.562500	1.000000	0.100098	0.000000	0.000000	1.053	39854.567266	2048000	2000	68.613846	cuda	bfloat16	adamw	0.00030000	0.01000000	8	128	1	8	/workspace/jepa-code/architechtures/v1/intertwined_hjepa.yaml	/tmp/intertwined-autoresearch-runs/full-default-compile2000-20260417-054000/latest.pt	/tmp/intertwined-autoresearch-runs/full-default-compile2000-20260417-054000
2026-04-17T05:35:58+00:00	cb9a184	full-beta03-lambda1-compile2000-20260417-054200	full	pending	full-size beta_sigreg 0.03 lambda 1 compile 2000 steps	4.166038	9.457858	5.989277	0.722308	91.453125	9.724556	6.043991	0.689941	99.687500	1.000000	0.030029	0.000000	0.000000	1.053	42000.051789	2048000	2000	66.721228	cuda	bfloat16	adamw	0.00030000	0.01000000	8	128	1	8	sweep_configs/full_beta03_lambda1.yaml	/tmp/intertwined-autoresearch-runs/full-beta03-lambda1-compile2000-20260417-054200/latest.pt	/tmp/intertwined-autoresearch-runs/full-beta03-lambda1-compile2000-20260417-054200
2026-04-17T05:37:55+00:00	cb9a184	full-default-lr6e4-compile2000-20260417-054400	full	pending	default full beta_sigreg 0.1 compile 2000 steps lr 6e-4	4.171911	25.304386	5.996974	3.432549	158.593750	27.547113	6.036737	3.285376	182.250000	1.000000	0.100098	0.000000	0.000000	1.053	40392.428323	2048000	2000	69.302491	cuda	bfloat16	adamw	0.00060000	0.01000000	8	128	1	8	/workspace/jepa-code/architechtures/v1/intertwined_hjepa.yaml	/tmp/intertwined-autoresearch-runs/full-default-lr6e4-compile2000-20260417-054400/latest.pt	/tmp/intertwined-autoresearch-runs/full-default-lr6e4-compile2000-20260417-054400
2026-04-17T05:39:48+00:00	cb9a184	full-default-lr1e4-compile2000-20260417-054600	full	pending	default full beta_sigreg 0.1 compile 2000 steps lr 1e-4	4.166151	19.577488	5.988702	1.877360	117.000000	20.025700	6.021610	1.966589	120.375000	1.000000	0.100098	0.000000	0.000000	1.053	37869.815860	2048000	2000	68.023398	cuda	bfloat16	adamw	0.00010000	0.01000000	8	128	1	8	/workspace/jepa-code/architechtures/v1/intertwined_hjepa.yaml	/tmp/intertwined-autoresearch-runs/full-default-lr1e4-compile2000-20260417-054600/latest.pt	/tmp/intertwined-autoresearch-runs/full-default-lr1e4-compile2000-20260417-054600
2026-04-17T05:42:51+00:00	cb9a184	full-default-seq256-compile2000-20260417-054800	full	pending	default full beta_sigreg 0.1 compile 2000 steps seq_len 256	4.195885	25.382605	5.999250	2.457467	169.093750	26.538710	6.009619	2.354091	181.750000	1.000000	0.100098	0.000000	0.000000	1.520	77428.651451	4096000	2000	133.572951	cuda	bfloat16	adamw	0.00030000	0.01000000	8	256	1	8	/workspace/jepa-code/architechtures/v1/intertwined_hjepa.yaml	/tmp/intertwined-autoresearch-runs/full-default-seq256-compile2000-20260417-054800/latest.pt	/tmp/intertwined-autoresearch-runs/full-default-seq256-compile2000-20260417-054800
2026-04-17T05:45:45+00:00	cb9a184	full-default-batch16-compile2000-20260417-055100	full	pending	default full beta_sigreg 0.1 compile 2000 steps batch 16	4.194533	25.290771	5.998096	2.448117	168.281250	26.379105	6.015656	2.575950	177.875000	1.000000	0.100098	0.000000	0.000000	1.520	73227.976812	4096000	2000	116.484098	cuda	bfloat16	adamw	0.00030000	0.01000000	16	128	1	8	/workspace/jepa-code/architechtures/v1/intertwined_hjepa.yaml	/tmp/intertwined-autoresearch-runs/full-default-batch16-compile2000-20260417-055100/latest.pt	/tmp/intertwined-autoresearch-runs/full-default-batch16-compile2000-20260417-055100
2026-04-17T05:48:51+00:00	cb9a184	full-jepa-dropout02-compile2000-20260417-055900	full	pending	full-size default with jepa aux dropout 0.2 compile 2000 steps	4.183703	20.434650	6.014337	1.691489	127.164062	20.790751	6.043125	1.710127	130.375000	1.000000	0.100098	0.000000	0.204000	1.053	39324.720248	2048000	2000	93.094534	cuda	bfloat16	adamw	0.00030000	0.01000000	8	128	1	8	sweep_configs/full_jepa_dropout02.yaml	/tmp/intertwined-autoresearch-runs/full-jepa-dropout02-compile2000-20260417-055900/latest.pt	/tmp/intertwined-autoresearch-runs/full-jepa-dropout02-compile2000-20260417-055900
2026-04-17T06:01:36+00:00	cb9a184	full-warmup500-nockpt-compile2000-20260417-061300	full	pending	full-size default coefficients aux warmup 500 compile 2000 steps no checkpoint	4.163311	16.583766	5.984219	1.624384	89.664062	17.563889	6.031231	1.595158	99.375000	1.000000	0.100098	0.000000	0.000000	1.053	38095.877241	2048000	2000	67.354170	cuda	bfloat16	adamw	0.00030000	0.01000000	8	128	1	8	sweep_configs/full_warmup500.yaml		/workspace/jepa-code/autoresearch-runs/full-warmup500-nockpt-compile2000-20260417-061300
2026-04-17T06:03:41+00:00	cb9a184	full-warmup1000-nockpt-compile2000-20260417-061600	full	pending	full-size default coefficients aux warmup 1000 compile 2000 steps no checkpoint	4.166240	17.315805	5.988812	1.645674	96.718750	17.464987	6.029317	1.673168	97.625000	1.000000	0.100098	0.000000	0.000000	1.053	42571.636825	2048000	2000	68.224666	cuda	bfloat16	adamw	0.00030000	0.01000000	8	128	1	8	sweep_configs/full_warmup1000.yaml		/workspace/jepa-code/autoresearch-runs/full-warmup1000-nockpt-compile2000-20260417-061600
2026-04-17T06:07:07+00:00	cb9a184	full-default-wd0-compile3000-20260417-060500	full	pending	full-size default compile 3000 steps weight_decay 0 no checkpoint	4.159711	15.723119	5.982197	2.016590	77.167969	15.960720	5.937972	1.966497	80.562500	1.000000	0.100098	0.000000	0.000000	1.053	42172.020895	3072000	3000	91.602120	cuda	bfloat16	adamw	0.00030000	0.00000000	8	128	1	8	intertwined_hjepa.yaml		/workspace/jepa-code/autoresearch-runs/full-default-wd0-compile3000-20260417-060500
2026-04-17T06:09:40+00:00	cb9a184	full-default-wd001-compile3000-20260417-060800	full	pending	full-size default compile 3000 steps weight_decay 0.01 no checkpoint control	4.162708	15.869721	5.985021	1.905431	79.714844	15.862305	5.940022	1.787907	81.343750	1.000000	0.100098	0.000000	0.000000	1.053	34977.582383	3072000	3000	93.802443	cuda	bfloat16	adamw	0.00030000	0.01000000	8	128	1	8	intertwined_hjepa.yaml		/workspace/jepa-code/autoresearch-runs/full-default-wd001-compile3000-20260417-060800
2026-04-17T06:12:11+00:00	cb9a184	full-default-wd0001-compile3000-20260417-061100	full	pending	full-size default compile 3000 steps weight_decay 0.001 no checkpoint	4.162163	15.512067	5.984615	1.839873	76.800781	15.908683	5.948710	1.841223	81.187500	1.000000	0.100098	0.000000	0.000000	1.053	38532.326993	3072000	3000	95.029921	cuda	bfloat16	adamw	0.00030000	0.00100000	8	128	1	8	intertwined_hjepa.yaml		/workspace/jepa-code/autoresearch-runs/full-default-wd0001-compile3000-20260417-061100
2026-04-17T06:15:46+00:00	cb9a184	full-default-wd0-compile5000-20260417-061500	full	pending	full-size default compile 5000 steps weight_decay 0 no checkpoint	4.162023	14.874618	5.983025	2.513495	63.718750	14.648928	5.889344	2.240834	65.187500	1.000000	0.100098	0.000000	0.000000	1.053	38837.904057	5120000	5000	144.182172	cuda	bfloat16	adamw	0.00030000	0.00000000	8	128	1	8	intertwined_hjepa.yaml		/workspace/jepa-code/autoresearch-runs/full-default-wd0-compile5000-20260417-061500
2026-04-17T06:18:13+00:00	cb9a184	full-default-lr2e4-wd0-compile3000-20260417-062000	full	pending	full-size default compile 3000 steps lr 2e-4 weight_decay 0 no checkpoint	4.170465	14.323221	5.997184	1.352046	69.671875	14.544291	5.969244	1.375047	72.000000	1.000000	0.100098	0.000000	0.000000	1.053	48226.630915	3072000	3000	90.535585	cuda	bfloat16	adamw	0.00020000	0.00000000	8	128	1	8	intertwined_hjepa.yaml		/workspace/jepa-code/autoresearch-runs/full-default-lr2e4-wd0-compile3000-20260417-062000
2026-04-17T06:20:30+00:00	cb9a184	full-default-lr4e4-wd0-compile3000-20260417-062300	full	pending	full-size default compile 3000 steps lr 4e-4 weight_decay 0 no checkpoint	4.162574	17.303038	5.984988	2.161851	91.472656	16.793049	5.935623	2.026176	88.312500	1.000000	0.100098	0.000000	0.000000	1.053	41663.115940	3072000	3000	90.491341	cuda	bfloat16	adamw	0.00040000	0.00000000	8	128	1	8	intertwined_hjepa.yaml		/workspace/jepa-code/autoresearch-runs/full-default-lr4e4-wd0-compile3000-20260417-062300
2026-04-17T06:22:48+00:00	cb9a184	full-default-wd0-clip05-compile3000-20260417-062600	full	pending	full-size default compile 3000 steps weight_decay 0 grad_clip 0.5 no checkpoint	4.161500	14.821896	5.983900	1.812392	70.187500	15.406887	5.934237	1.700775	77.718750	1.000000	0.100098	0.000000	0.000000	1.053	44936.307097	3072000	3000	92.678647	cuda	bfloat16	adamw	0.00030000	0.00000000	8	128	1	8	intertwined_hjepa.yaml		/workspace/jepa-code/autoresearch-runs/full-default-wd0-clip05-compile3000-20260417-062600
2026-04-17T06:25:09+00:00	cb9a184	full-default-wd0-clip0-compile3000-20260417-063000	full	pending	full-size default compile 3000 steps weight_decay 0 grad_clip 0 no checkpoint	4.166567	14.965450	5.992603	1.463959	75.015625	15.290928	5.953000	1.381677	79.562500	1.000000	0.100098	0.000000	0.000000	1.053	43872.307589	3072000	3000	88.970179	cuda	bfloat16	adamw	0.00030000	0.00000000	8	128	1	8	intertwined_hjepa.yaml		/workspace/jepa-code/autoresearch-runs/full-default-wd0-clip0-compile3000-20260417-063000
2026-04-17T08:11:31+00:00	d1282b5	teacher-attn-target-5k-20260417-0808	full	pending	teacher next-block attn target 5k check	4.211943	20.602507	5.993831	3.653603	109.443848	12.111970	7.221954	1.601530	4874.000000	0.010010	0.000999	0.000000	0.000000	2.596	17.144322	5120000	5000	287.536684	cuda	bfloat16	adamw	0.00030000	0.00000000	8	128	1	64	sweep_configs/best_wd0_125m.yaml		/tmp/autoresearch-runs/teacher-attn-target-5k-20260417-0808
2026-04-17T08:18:07+00:00	d1282b5	same-block-residual-target-5k-20260417-0816	full	pending	same-block residual target 5k check	4.212900	17.794323	5.994407	0.637854	111.511719	12.105200	7.221954	0.924563	4874.000000	0.010010	0.000999	0.000000	0.000000	2.372	38.311546	5120000	5000	210.455255	cuda	bfloat16	adamw	0.00030000	0.00000000	8	128	1	64	sweep_configs/best_wd0_125m.yaml		/tmp/autoresearch-runs/same-block-residual-target-5k-20260417-0816
2026-04-17T08:23:41+00:00	d1282b5	same-block-residual-target-5k-4shards-20260417-0819	full	pending	same-block residual target 5k check 4 shards	4.214557	17.143345	5.997014	0.980065	101.563477	12.105200	7.221954	0.924563	4874.000000	0.010010	0.000999	0.000000	0.000000	2.372	75.495877	5120000	5000	266.196103	cuda	bfloat16	adamw	0.00030000	0.00000000	8	128	4	64	sweep_configs/best_wd0_125m.yaml		/tmp/autoresearch-runs/same-block-residual-target-5k-4shards-20260417-0819
2026-04-17T08:27:31+00:00	d1282b5	same-block-residual-target-1k-4shards-20260417-0831	full	pending	same-block residual target 1k anchor 4 shards	4.211161	28.582943	5.995903	0.559691	220.058594	12.105200	7.221954	0.924563	4874.000000	0.010010	0.000999	0.000000	0.000000	2.372	77.113884	1024000	1000	58.874244	cuda	bfloat16	adamw	0.00030000	0.00000000	8	128	4	64	sweep_configs/best_wd0_125m.yaml		/tmp/autoresearch-runs/same-block-residual-target-1k-4shards-20260417-0831
2026-04-17T08:30:31+00:00	d1282b5	same-block-residual-target-5k-4shards-rerun-20260417-0828	full	pending	same-block residual target 5k check 4 shards rerun	4.215725	18.857854	5.998440	1.359083	114.891113	12.105200	7.221954	0.924563	4874.000000	0.010010	0.000999	0.000000	0.000000	2.372	77.089739	5120000	5000	216.342788	cuda	bfloat16	adamw	0.00030000	0.00000000	8	128	4	64	sweep_configs/best_wd0_125m.yaml		/tmp/autoresearch-runs/same-block-residual-target-5k-4shards-rerun-20260417-0828
2026-04-17T08:30:34+00:00	d1282b5	same-block-post-attn-target-1k-4shards-20260417-0834	full	pending	same-block post-attn target 1k 4 shards	4.213907	23.202522	6.000101	0.668712	165.175781	12.105535	7.221954	0.957996	4874.000000	0.010010	0.000999	0.000000	0.000000	2.355	21.969624	1024000	1000	123.592376	cuda	bfloat16	adamw	0.00030000	0.00000000	8	128	4	64	sweep_configs/best_wd0_125m.yaml		/tmp/autoresearch-runs/same-block-post-attn-target-1k-4shards-20260417-0834
2026-04-17T08:33:43+00:00	d1282b5	same-block-residual-scaled-injection-1k-4shards-20260417-0838	full	pending	same-block residual target scaled injection 1k 4 shards	4.212415	23.924489	5.998433	0.483942	174.250977	12.105263	7.222017	0.924552	4874.000000	0.010010	0.000999	0.000000	0.000000	2.372	22.099195	1024000	1000	122.947703	cuda	bfloat16	adamw	0.00030000	0.00000000	8	128	4	64	sweep_configs/best_wd0_125m.yaml		/tmp/autoresearch-runs/same-block-residual-scaled-injection-1k-4shards-20260417-0838
2026-04-17T08:36:22+00:00	d1282b5	uniform-same-block-residual-target-1k-4shards-20260417-0841	full	pending	uniform same-block residual target 1k 4 shards	4.210122	23.515745	5.994933	0.476938	170.272461	12.104466	7.221954	0.851212	4874.000000	0.010010	0.000999	0.000000	0.000000	2.372	38.058117	1024000	1000	85.419225	cuda	bfloat16	adamw	0.00030000	0.00000000	8	128	4	64	sweep_configs/best_wd0_125m.yaml		/tmp/autoresearch-runs/uniform-same-block-residual-target-1k-4shards-20260417-0841
2026-04-17T08:39:01+00:00	d1282b5	same-block-residual-target-10k-4shards-20260417-0833	full	pending	same-block residual target 10k check 4 shards	4.218547	26.557390	6.002016	3.543709	169.950684	18.200022	6.001935	1.460586	107.375000	1.000000	0.100098	0.000000	0.000000	2.373	20120.618268	10240000	10000	448.990448	cuda	bfloat16	adamw	0.00030000	0.00000000	8	128	4	64	sweep_configs/best_wd0_125m.yaml		/tmp/autoresearch-runs/same-block-residual-target-10k-4shards-20260417-0833
2026-04-17T08:40:36+00:00	d1282b5	same-block-residual-delta-only-1k-4shards-20260417-0846	full	pending	same-block residual target delta-only injection 1k 4 shards	4.213481	27.519748	5.998696	0.757631	207.431641	12.082442	7.188930	0.951258	4884.000000	0.010010	0.000999	0.000000	0.000000	2.350	20.732106	1024000	1000	110.113976	cuda	bfloat16	adamw	0.00030000	0.00000000	8	128	4	64	sweep_configs/best_wd0_125m.yaml		/tmp/autoresearch-runs/same-block-residual-delta-only-1k-4shards-20260417-0846
2026-04-17T08:44:47+00:00	d1282b5	same-block-residual-target-skip-layer0-aux-1k-20260417-0842	full	pending	same-block residual target skip layer0 aux 1k	4.216873	32.170745	6.004374	0.479397	256.619141	11.714070	7.221954	0.811551	4484.000000	0.010010	0.000999	0.000000	0.000000	2.351	14.384695	1024000	1000	138.673745	cuda	bfloat16	adamw	0.00030000	0.00000000	8	128	4	64	sweep_configs/best_wd0_125m.yaml		/tmp/autoresearch-runs/same-block-residual-target-skip-layer0-aux-1k-20260417-0842
2026-04-17T08:48:07+00:00	d1282b5	same-block-residual-target-delta-only-1k-20260417-0848	full	pending	same-block residual target delta-only injection 1k	4.211182	26.079664	5.996182	0.687312	193.772461	12.082442	7.188930	0.951258	4884.000000	0.010010	0.000999	0.000000	0.000000	2.350	57.584524	1024000	1000	58.189373	cuda	bfloat16	adamw	0.00030000	0.00000000	8	128	4	64	sweep_configs/best_wd0_125m.yaml		/tmp/autoresearch-runs/same-block-residual-target-delta-only-1k-20260417-0848
2026-04-17T08:52:40+00:00	d1282b5	same-block-residual-target-delta-only-5k-20260417-0851	full	pending	same-block residual target delta-only 5k	4.214611	22.273238	5.998438	2.101842	141.591309	12.082442	7.188930	0.951258	4884.000000	0.010010	0.000999	0.000000	0.000000	2.352	59.309193	5120000	5000	197.346507	cuda	bfloat16	adamw	0.00030000	0.00000000	8	128	4	64	sweep_configs/best_wd0_125m.yaml		/tmp/autoresearch-runs/same-block-residual-target-delta-only-5k-20260417-0851
2026-04-17T08:56:11+00:00	d1282b5	same-block-residual-target-stopgrad-z-1k-20260417-0858	full	pending	same-block residual target stopgrad z in projector 1k	4.209973	22.103338	5.993582	0.387874	157.065430	12.105200	7.221954	0.924563	4874.000000	0.010010	0.000999	0.000000	0.000000	2.366	26.537373	1024000	1000	81.348414	cuda	bfloat16	adamw	0.00030000	0.00000000	8	128	4	64	sweep_configs/best_wd0_125m.yaml		/tmp/autoresearch-runs/same-block-residual-target-stopgrad-z-1k-20260417-0858
2026-04-17T09:00:41+00:00	d1282b5	same-block-residual-target-stopgrad-z-5k-20260417-0900	full	pending	same-block residual target stopgrad z update 5k	4.212258	16.413236	5.994717	0.972096	94.372070	12.105200	7.221954	0.924563	4874.000000	0.010010	0.000999	0.000000	0.000000	2.369	66.700528	5120000	5000	194.806789	cuda	bfloat16	adamw	0.00030000	0.00000000	8	128	4	64	sweep_configs/best_wd0_125m.yaml		/tmp/autoresearch-runs/same-block-residual-target-stopgrad-z-5k-20260417-0900
2026-04-17T09:09:53+00:00	d1282b5	same-block-residual-target-stopgrad-z-10k-20260417-0904	full	pending	same-block residual target stopgrad z update 10k	4.219176	37.359754	6.003293	8.655750	226.785645	16.145700	6.005795	0.833656	93.062500	1.000000	0.100098	0.000000	0.000000	2.369	19256.229947	10240000	10000	474.833002	cuda	bfloat16	adamw	0.00030000	0.00000000	8	128	4	64	sweep_configs/best_wd0_125m.yaml		/tmp/autoresearch-runs/same-block-residual-target-stopgrad-z-10k-20260417-0904
2026-04-17T09:14:50+00:00	d1282b5	encode-attn-delta-only-1k-20260417-0913	full	pending	encode attention delta only 1k	4.212877	29.056756	5.998262	1.135446	219.016602	12.256307	7.299136	1.317065	4944.000000	0.010010	0.000999	0.000000	0.000000	2.393	17.430576	1024000	1000	119.935445	cuda	bfloat16	adamw	0.00030000	0.00000000	8	128	4	64	sweep_configs/best_wd0_125m.yaml		/tmp/autoresearch-runs/encode-attn-delta-only-1k-20260417-0913
2026-04-17T09:18:36+00:00	d1282b5	encode-input-residual-1k-20260417-0916	full	pending	encode input residual state 1k	4.233321	16.700124	6.029420	0.574623	100.862305	11.954298	7.210745	0.955211	4734.000000	0.010010	0.000999	0.000000	0.000000	2.358	13.352357	1024000	1000	134.284275	cuda	bfloat16	adamw	0.00030000	0.00000000	8	128	4	64	sweep_configs/best_wd0_125m.yaml		/tmp/autoresearch-runs/encode-input-residual-1k-20260417-0916
2026-04-17T09:22:01+00:00	d1282b5	encode-half-attn-update-1k-20260417-0920	full	pending	encode half attention update 1k	4.212282	26.054759	5.998146	0.670708	193.669922	12.043135	7.205848	0.928630	4828.000000	0.010010	0.000999	0.000000	0.000000	2.428	18.061368	1024000	1000	117.990853	cuda	bfloat16	adamw	0.00030000	0.00000000	8	128	4	64	sweep_configs/best_wd0_125m.yaml		/tmp/autoresearch-runs/encode-half-attn-update-1k-20260417-0920
2026-04-17T09:25:50+00:00	d1282b5	predict-target-directly-1k-20260417-0923	full	pending	predict target directly 1k	4.210214	26.506685	5.994782	0.767543	197.250977	12.107375	7.221954	1.142011	4874.000000	0.010010	0.000999	0.000000	0.000000	2.339	13.814103	1024000	1000	134.465525	cuda	bfloat16	adamw	0.00030000	0.00000000	8	128	4	64	sweep_configs/best_wd0_125m.yaml		/tmp/autoresearch-runs/predict-target-directly-1k-20260417-0923
2026-04-17T15:22:13+00:00	d1282b5	inspector-checkpoint-1k-20260417-0927	full	pending	checkpoint for inspector on current best architecture	4.157959	23.306249	5.979604	0.468793	168.414062	12.105200	7.221954	0.924563	4874.000000	0.010010	0.000999	0.000000	0.000000	2.372	54.027877	1024000	1000	61.286072	cuda	bfloat16	adamw	0.00030000	0.00000000	8	128	4	8	sweep_configs/best_wd0_125m.yaml	/tmp/autoresearch-runs/inspector-checkpoint-1k-20260417-0927/latest.pt	/tmp/autoresearch-runs/inspector-checkpoint-1k-20260417-0927
2026-04-18T01:43:18+00:00	d1282b5	compact-20m-10k-4shards-20260418-0010	full	pending	compact ~20M model 10k steps on 4 local shards; end checkpoint only	4.200192	17.232256	6.004233	1.160584	100.576172	16.747448	6.054844	1.026978	96.656250	1.000000	0.100098	0.000000	0.000000	0.536	48113.179370	10240000	10000	318.496861	cuda	bfloat16	adamw	0.00030000	0.00000000	8	128	4	16	sweep_configs/compact_20m.yaml	/tmp/autoresearch-runs/compact-20m-10k-4shards-20260418-0010/latest.pt	/tmp/autoresearch-runs/compact-20m-10k-4shards-20260418-0010
2026-04-18T02:26:36+00:00	d1282b5	compact-20m-1k-ema-target-blocks-20260418-0130	full	pending	compact ~20M model 1k steps after EMA target simplification	4.192306	30.418695	5.995278	0.755796	236.445312	44.331097	5.846859	1.009235	374.750000	1.000000	0.100098	0.000000	0.000000	0.593	36774.499075	1024000	1000	112.484230	cuda	bfloat16	adamw	0.00030000	0.00000000	8	128	1	16	sweep_configs/compact_20m.yaml		/tmp/autoresearch-runs/compact-20m-1k-ema-target-blocks-20260418-0130
2026-04-18T02:41:30+00:00	d1282b5	compact-20m-10k-bpbfix-ema-target-blocks-20260418-0200	full	pending	compact ~20M model 10k steps after BPB fix and EMA target simplification	3.519090	23.400518	6.010337	4.326460	130.509766	24.866201	6.048334	4.689741	141.281250	1.000000	0.100098	0.000000	0.000000	0.593	43136.887050	10240000	10000	265.180336	cuda	bfloat16	adamw	0.00030000	0.00000000	8	128	1	16	sweep_configs/compact_20m.yaml	/tmp/autoresearch-runs/compact-20m-10k-bpbfix-ema-target-blocks-20260418-0200/latest.pt	/tmp/autoresearch-runs/compact-20m-10k-bpbfix-ema-target-blocks-20260418-0200
2026-04-18T04:43:20+00:00	d1282b5	compact-20m-10k-endonly-metrics-20260418-0438	full	pending	compact ~20M model 10k steps end-only checkpoint with metrics log	3.528751	28.182342	6.027712	6.196679	159.423828	29.342749	6.083052	5.553445	177.062500	1.000000	0.100098	0.000000	0.000000	0.593	38002.170396	10240000	10000	274.252918	cuda	bfloat16	adamw	0.00030000	0.00000000	8	128	1	16	sweep_configs/compact_20m.yaml	/tmp/autoresearch-runs/compact-20m-10k-endonly-metrics-20260418-0438/latest.pt	/tmp/autoresearch-runs/compact-20m-10k-endonly-metrics-20260418-0438
2026-04-18T04:49:56+00:00	d1282b5	compact-20m-10k-no-sigreg-20260418-0505	full	pending	baseline	3.643791	10.090671	6.223882	3.866789	0.000000	6.207549	6.076974	0.130574	0.000000	1.000000	0.000000	0.000000	0.000000	0.589	43150.321957	10240000	10000	302.737298	cuda	bfloat16	adamw	0.00030000	0.00000000	8	128	1	16	sweep_configs/compact_20m_no_sigreg.yaml	/tmp/autoresearch-runs/compact-20m-10k-no-sigreg-20260418-0505/latest.pt	/tmp/autoresearch-runs/compact-20m-10k-no-sigreg-20260418-0505
2026-04-18T04:57:10+00:00	d1282b5	compact-20m-10k-ckpt5k10k-20260418-0515	full	pending	baseline	3.514585	24.893155	6.002916	4.837075	140.394531	23.828888	6.066691	4.040320	137.218750	1.000000	0.100098	0.000000	0.000000	0.593	39546.681055	10240000	10000	271.719983	cuda	bfloat16	adamw	0.00030000	0.00000000	8	128	1	16	sweep_configs/compact_20m.yaml	/tmp/autoresearch-runs/compact-20m-10k-ckpt5k10k-20260418-0515/latest.pt	/tmp/autoresearch-runs/compact-20m-10k-ckpt5k10k-20260418-0515
2026-04-18T05:15:20+00:00	d1282b5	compact-20m-5k-normloss-ckpt2p5k5k-20260418-0605	full	pending	baseline	3.512104	14.987899	5.998780	5.564391	34.213867	15.914796	5.938459	6.237274	37.390625	1.000000	0.100098	0.000000	0.000000	0.608	32040.039508	5120000	5000	228.804985	cuda	bfloat16	adamw	0.00030000	0.00000000	8	128	1	16	sweep_configs/compact_20m.yaml	/tmp/autoresearch-runs/compact-20m-5k-normloss-ckpt2p5k5k-20260418-0605/latest.pt	/tmp/autoresearch-runs/compact-20m-5k-normloss-ckpt2p5k5k-20260418-0605
2026-04-18T06:55:07+00:00	7777c56	ft83m-future-token-auxlite-5k-20260418-0652	full	pending	83M future-token aux-lite 5k no-compile	3.488243	6.322735	5.994669	0.306569	23.562500	6.316889	6.007412	0.291047	22.171875	0.300781	0.010010	0.000000	0.000000	1.481	15894.394162	5120000	5000	292.636291	cuda	bfloat16	adamw	0.00030000	0.01000000	8	128	1	8	sweep_configs/future_token_83m_auxlite.yaml		/workspace/jepa-code/architechtures/v2/runs/autoresearch/ft83m-future-token-auxlite-5k-20260418-0652
2026-04-18T09:11:28+00:00	5179fc7	ft83m-auxlighter-wd0-1k-20260418-0909	full	pending	83M auxlighter 1k wd0 no-compile anchor	3.486316	6.828159	5.990915	1.929598	90.101562	6.887607	6.075833	2.591393	112.437500	0.150391	0.003754	0.000000	0.000000	1.481	8310.357544	1024000	1000	123.190629	cuda	bfloat16	adamw	0.00030000	0.00000000	8	128	1	8	sweep_configs/future_token_83m_auxlighter.yaml		/workspace/jepa-code/architechtures/v2/runs/autoresearch/ft83m-auxlighter-wd0-1k-20260418-0909
2026-04-18T09:21:55+00:00	5179fc7	ft83m-auxlighter-wd0-5k-20260418-0911	full	pending	83M auxlighter 5k wd0 no-compile promoted from 1k anchor	3.485299	6.206478	5.989777	0.258328	32.964844	6.310009	6.012857	0.304625	47.187500	0.200195	0.005005	0.000000	0.000000	1.481	8751.594037	5120000	5000	610.882895	cuda	bfloat16	adamw	0.00030000	0.00000000	8	128	1	8	sweep_configs/future_token_83m_auxlighter.yaml		/workspace/jepa-code/architechtures/v2/runs/autoresearch/ft83m-auxlighter-wd0-5k-20260418-0911
2026-04-18T09:24:21+00:00	5179fc7	ft83m-auxlightest-wd0-1k-20260418-0922	full	pending	83M auxlightest 1k wd0 no-compile anchor after auxlighter win	3.483177	7.325291	5.985874	5.655729	162.625000	7.198385	6.058778	6.294411	190.250000	0.112793	0.002258	0.000000	0.000000	1.481	8377.988245	1024000	1000	118.825377	cuda	bfloat16	adamw	0.00030000	0.00000000	8	128	1	8	sweep_configs/future_token_83m_auxlightest.yaml		/workspace/jepa-code/architechtures/v2/runs/autoresearch/ft83m-auxlightest-wd0-1k-20260418-0922
2026-04-18T21:00:27+00:00	5179fc7	ft83m-auxlighter-wd0-5k-compile-confirm-20260418-2051	full	pending	83M auxlighter 5k wd0 compile confirmation run after BPB fix	3.452238	6.170235	5.941521	0.391580	30.035156	6.146005	5.913409	0.404816	30.281250	0.200195	0.005005	0.000000	0.000000	1.191	9723.698375	5120000	5000	557.372868	cuda	bfloat16	adamw	0.00030000	0.00000000	8	128	1	8	sweep_configs/future_token_83m_auxlighter.yaml		/workspace/jepa-code/architechtures/v2/runs/autoresearch/ft83m-auxlighter-wd0-5k-compile-confirm-20260418-2051
2026-04-18T21:57:16+00:00	cfe25ec	full-20260418-214820	full	pending	post-fix beta-sigreg 0.01	4.352543	5.182052	4.332577	3.044402	23.976562	5.060483	4.247181	2.888322	23.484375	0.200195	0.010010	0.000000	0.000000	1.194	9629.971516	5120000	5000	530.217012	cuda	bfloat16	adamw	0.00030000	0.00000000	8	128	1	8	sweep_configs/future_token_83m_auxlighter.yaml		/workspace/jepa-code/architechtures/v2/runs/autoresearch/full-20260418-214820
2026-04-18T22:08:24+00:00	cfe25ec	full-20260418-215929	full	pending	clean post-fix baseline beta-sigreg 0.005	3.479250	6.276234	5.988956	0.244754	47.609375	6.300829	6.008397	0.245894	48.593750	0.200195	0.005005	0.000000	0.000000	1.194	10174.561498	5120000	5000	528.019223	cuda	bfloat16	adamw	0.00030000	0.00000000	8	128	1	8	sweep_configs/future_token_83m_auxlighter.yaml		/workspace/jepa-code/architechtures/v2/runs/autoresearch/full-20260418-215929
2026-04-18T22:22:36+00:00	cfe25ec	full-20260418-221321	full	pending	post-fix local-aux-gradient baseline	4.249308	6.535899	4.502205	9.060259	43.931641	6.483727	4.449746	9.056854	44.125000	0.200195	0.005005	0.000000	0.000000	1.199	9273.783378	5120000	5000	548.983471	cuda	bfloat16	adamw	0.00030000	0.00000000	8	128	1	8	sweep_configs/future_token_83m_auxlighter.yaml		/workspace/jepa-code/architechtures/v2/runs/autoresearch/full-20260418-221321
2026-04-18T22:55:15+00:00	cfe25ec	full-20260418-224646	full	pending	scaled residual-output init baseline	3.478689	6.276882	5.987650	0.262914	47.273438	6.279711	6.008082	0.226350	45.218750	0.200195	0.005005	0.000000	0.000000	1.194	10146.007465	5120000	5000	503.395456	cuda	bfloat16	adamw	0.00030000	0.00000000	8	128	1	8	sweep_configs/future_token_83m_auxlighter.yaml		/workspace/jepa-code/architechtures/v2/runs/autoresearch/full-20260418-224646
2026-04-19T00:11:37+00:00	cfe25ec	full-20260419-000124	full	pending	rerun current baseline after clearing checkpoint quota	4.401609	5.617078	4.166364	6.276079	38.816406	5.504708	4.060576	6.275724	37.515625	0.200195	0.005005	0.000000	0.000000	1.485	8660.081250	5120000	5000	608.564526	cuda	bfloat16	adamw	0.00030000	0.00000000	8	128	1	8	sweep_configs/future_token_83m_auxlighter.yaml		/workspace/jepa-code/architechtures/v2/runs/autoresearch/full-20260419-000124
2026-04-19T22:34:11+00:00	1a21b54	future-token-83m-auxmid-wd0-5k-20260419	full	pending	83m aux mid lambda 0.18 beta 0.004 wd0 no-compile 5k	4.254167	5.938840	4.542312	6.835237	42.103516	5.837106	4.441658	6.797811	43.515625	0.179688	0.003998	0.000000	0.000000	1.918	30751.262250	5120000	5000	165.008269	cuda	bfloat16	adamw	0.00030000	0.00000000	4	256	1	8	sweep_configs/future_token_83m_auxmid.yaml		/workspace/jepa-code/architechtures/v2/runs/autoresearch/future-token-83m-auxmid-wd0-5k-20260419
2026-04-19T22:55:22+00:00	3b5f800	best-yaml-5k-compile-20260419	full	pending	best verified yaml rerun after BPB fix	3.479378	6.885469	5.990173	2.783732	67.535156	7.074297	6.016300	3.325140	78.593750	0.200195	0.005005	0.000000	0.000000	1.038	47035.660815	5120000	5000	175.021963	cuda	bfloat16	adamw	0.00030000	0.00000000	8	128	1	8	sweep_configs/future_token_83m_auxlighter.yaml		/workspace/jepa-code/architechtures/v2/runs/autoresearch/best-yaml-5k-compile-20260419
2026-04-19T23:07:35+00:00	03ec0b6	best-yaml-5k-compile-save-20260419	full	pending	best yaml 5k compile with checkpoints after BPB alignment	2.616574	5.935128	4.499813	6.473869	27.828125	5.875382	4.436206	6.515414	27.218750	0.200195	0.005005	0.000000	0.000000	1.038	47426.235311	5120000	5000	133.274836	cuda	bfloat16	adamw	0.00030000	0.00000000	8	128	1	8	sweep_configs/future_token_83m_auxlighter.yaml	/workspace/jepa-code/architechtures/v2/runs/autoresearch/best-yaml-5k-compile-save-20260419/latest.pt	/workspace/jepa-code/architechtures/v2/runs/autoresearch/best-yaml-5k-compile-save-20260419
2026-04-19T23:15:56+00:00	03ec0b6	best-yaml-5k-compile-fixrerun-20260419	full	pending	rerun after bpb masking fixes	2.524664	5.660008	4.336382	5.988330	24.933594	5.629860	4.323676	5.891863	25.562500	0.200195	0.005005	0.000000	0.000000	1.038	50712.187501	5120000	5000	133.763044	cuda	bfloat16	adamw	0.00030000	0.00000000	8	128	1	8	sweep_configs/future_token_83m_auxlighter.yaml	/workspace/jepa-code/architechtures/v2/runs/autoresearch/best-yaml-5k-compile-fixrerun-20260419/latest.pt	/workspace/jepa-code/architechtures/v2/runs/autoresearch/best-yaml-5k-compile-fixrerun-20260419
2026-04-19T23:31:08+00:00	03ec0b6	smoke-compact16m-float8-compile-test	smoke	pending	baseline	3.740373	8.633654	6.642731	23.933281	92.070312	8.347369	6.425775	22.650652	157.812500	0.050049	0.005005	0.000000	0.000000	0.286	6161.369278	1280	5	130.462126	cuda	bfloat16	adamw	0.00030000	0.01000000	2	128	1	2	sweep_configs/compact_16m.yaml		/workspace/jepa-code/architechtures/v2/runs/autoresearch/smoke-compact16m-float8-compile-test
2026-04-19T23:36:44+00:00	03ec0b6	compact16m-5k-rowwise	full	pending	baseline	3.487933	13.693187	5.991325	4.150154	35.482422	14.370679	6.002132	4.381046	39.875000	1.000000	0.100098	0.000000	0.000000	0.415	31636.937020	5120000	5000	294.006402	cuda	bfloat16	adamw	0.00030000	0.01000000	8	128	1	8	sweep_configs/compact_16m.yaml		/workspace/jepa-code/architechtures/v2/runs/autoresearch/compact16m-5k-rowwise
2026-04-19T23:43:12+00:00	03ec0b6	compact16m-alt-5k-rowwise	full	pending	baseline	3.490147	15.127203	5.994970	4.856186	42.718750	15.639962	6.011360	5.234852	43.937500	1.000000	0.100098	0.000000	0.000000	0.436	29331.598437	5120000	5000	342.950514	cuda	bfloat16	adamw	0.00030000	0.01000000	8	128	1	8	sweep_configs/compact_16m_alt.yaml		/workspace/jepa-code/architechtures/v2/runs/autoresearch/compact16m-alt-5k-rowwise
2026-04-19T23:54:42+00:00	03ec0b6	compact16m-5k-rowwise-save	full	pending	baseline	3.489307	11.756860	5.993660	2.761443	29.988281	12.261932	6.012123	3.152935	30.968750	1.000000	0.100098	0.000000	0.000000	0.414	36480.882819	5120000	5000	203.387261	cuda	bfloat16	adamw	0.00030000	0.01000000	8	128	1	8	sweep_configs/compact_16m.yaml	/workspace/jepa-code/architechtures/v2/runs/autoresearch/compact16m-5k-rowwise-save/latest.pt	/workspace/jepa-code/architechtures/v2/runs/autoresearch/compact16m-5k-rowwise-save
2026-04-20T00:21:46+00:00	03ec0b6	compact16m-5k-rowwise-auxlight	full	pending	baseline	2.376269	5.838416	4.081562	7.954803	32.835938	5.732138	3.978597	7.927863	33.593750	0.200195	0.005005	0.000000	0.000000	0.414	37439.349501	5120000	5000	200.761358	cuda	bfloat16	adamw	0.00030000	0.01000000	8	128	1	8	sweep_configs/compact_16m.yaml	/workspace/jepa-code/architechtures/v2/runs/autoresearch/compact16m-5k-rowwise-auxlight/latest.pt	/workspace/jepa-code/architechtures/v2/runs/autoresearch/compact16m-5k-rowwise-auxlight
2026-04-20T00:48:34+00:00	03ec0b6	compact16m-5k-rowwise-auxlighter2k	full	pending	baseline	2.388355	5.525476	4.102666	8.309509	34.593750	5.401202	3.988118	8.237747	35.484375	0.150391	0.005005	0.000000	0.000000	0.414	38641.876561	5120000	5000	194.914893	cuda	bfloat16	adamw	0.00030000	0.01000000	8	128	1	8	sweep_configs/compact_16m.yaml	/workspace/jepa-code/architechtures/v2/runs/autoresearch/compact16m-5k-rowwise-auxlighter2k/latest.pt	/workspace/jepa-code/architechtures/v2/runs/autoresearch/compact16m-5k-rowwise-auxlighter2k
2026-04-20T02:52:49+00:00	03ec0b6	compact16m-5k-rowwise-lmonly	full	pending	baseline	2.434470	4.181602	4.181602	22.239252	0.000000	4.135388	4.135388	21.889709	0.000000	0.000000	0.000000	0.000000	0.000000	0.415	32721.815187	5120000	5000	295.727223	cuda	bfloat16	adamw	0.00030000	0.01000000	8	128	1	8	sweep_configs/compact_16m_lm_only.yaml	/workspace/jepa-code/architechtures/v2/runs/autoresearch/compact16m-5k-rowwise-lmonly/latest.pt	/workspace/jepa-code/architechtures/v2/runs/autoresearch/compact16m-5k-rowwise-lmonly
2026-04-24T07:51:13+00:00	9010d7d	compact16m-5k-topthird-jepa-20260424	full	pending	compact 16m aux-light with JEPA/SIGReg only on top third layers	2.117191	4.140662	3.637034	2.313096	8.103516	4.000629	3.498682	2.326038	7.250000	0.200195	0.005005	0.000000	0.000000	0.598	24304.211230	5120000	5000	326.053641	cuda	bfloat16	adamw	0.00030000	0.01000000	8	128	1	8	sweep_configs/compact_16m_topthird_jepa.yaml		/workspace/jepa-code/architechtures/v2/runs/autoresearch/compact16m-5k-topthird-jepa-20260424
2026-04-24T08:33:45+00:00	7671138	compact16m-5k-topthird-drop10-20260424	full	pending	compact 16m top-third JEPA with 10pct aux dropout	2.114118	4.140464	3.631544	2.351347	7.630859	4.028430	3.518522	2.356426	7.625000	0.200195	0.005005	0.000000	0.098600	0.590	22538.424744	5120000	5000	354.124508	cuda	bfloat16	adamw	0.00030000	0.01000000	8	128	1	8	/workspace/jepa-code/architechtures/v2/runs/autoresearch/compact16m-5k-topthird-drop10-20260424/autoresearch_config.yaml		/workspace/jepa-code/architechtures/v2/runs/autoresearch/compact16m-5k-topthird-drop10-20260424
2026-04-25T02:14:50+00:00	7671138	compact16m-5k-topthird-drop25-20260425	full	pending	compact 16m top-third JEPA with 25pct aux dropout	2.117229	4.151415	3.636989	2.367961	8.066406	4.040955	3.524788	2.374018	8.171875	0.200195	0.005005	0.000000	0.247800	0.592	22368.689305	5120000	5000	288.335386	cuda	bfloat16	adamw	0.00030000	0.01000000	8	128	1	8	/workspace/jepa-code/architechtures/v2/runs/autoresearch/compact16m-5k-topthird-drop25-20260425/autoresearch_config.yaml		/workspace/jepa-code/architechtures/v2/runs/autoresearch/compact16m-5k-topthird-drop25-20260425
2026-04-25T02:30:00+00:00	7671138	compact16m-5k-horizon-groups-t2-20260425	full	pending	compact 16m multi-horizon JEPA: layers 3-4 t+2..5, 5-6 t+2..9, 7-8 final-layer t+2..12, 10pct aux dropout	2.126356	4.737674	3.652208	4.933363	19.546875	4.603275	3.547793	4.698043	22.968750	0.200195	0.005005	0.000000	0.098600	0.606	20507.106141	5120000	5000	329.740579	cuda	bfloat16	adamw	0.00030000	0.01000000	8	128	1	8	sweep_configs/compact_16m_horizon_groups_t2.yaml		/workspace/jepa-code/architechtures/v2/runs/autoresearch/compact16m-5k-horizon-groups-t2-20260425
2026-04-25T02:50:04+00:00	e2628f3	compact16m-5k-topthird-finalspan-state-20260425	full	pending	compact 16m top-third direct state prediction to final-layer future span t+2..t+9	2.130347	4.268330	3.659471	1.937029	44.171875	4.246406	3.555266	2.249202	48.125000	0.200195	0.005005	0.000000	0.098600	0.589	22414.918147	5120000	5000	292.154382	cuda	bfloat16	adamw	0.00030000	0.01000000	8	128	1	8	sweep_configs/compact_16m_topthird_final_span_state.yaml		/workspace/jepa-code/architechtures/v2/runs/autoresearch/compact16m-5k-topthird-finalspan-state-20260425
2026-04-25T04:34:41+00:00	04ed391	compact16m-5k-topthird-mean-t1-t4-20260425	full	pending	compact 16m top-third same-layer mean target t+1..t+4 with 10pct aux dropout	2.111987	4.047941	3.627675	1.883511	8.630859	3.957199	3.521723	1.967057	8.328125	0.200195	0.005005	0.000000	0.098600	0.590	16700.368212	5120000	5000	317.295727	cuda	bfloat16	adamw	0.00030000	0.01000000	8	128	1	8	sweep_configs/compact_16m_topthird_mean_t1_t4.yaml		/workspace/jepa-code/architechtures/v2/runs/autoresearch/compact16m-5k-topthird-mean-t1-t4-20260425
2026-04-25T04:46:09+00:00	04ed391	compact16m-5k-layers6-8-mean-t1-t4-drop25-20260425	full	pending	compact 16m layers 6 and 8 same-layer mean target t+1..t+4 with 25pct aux dropout	2.118200	3.985238	3.638445	1.585545	5.869141	3.905689	3.546711	1.648214	5.796875	0.200195	0.005005	0.000000	0.247800	0.588	22745.394200	5120000	5000	316.397741	cuda	bfloat16	adamw	0.00030000	0.01000000	8	128	1	8	sweep_configs/compact_16m_layers_6_8_mean_t1_t4_drop25.yaml		/workspace/jepa-code/architechtures/v2/runs/autoresearch/compact16m-5k-layers6-8-mean-t1-t4-drop25-20260425
2026-04-25T05:00:19+00:00	04ed391	compact16m-5k-layers4-8-mean-t1-t4-drop20-20260425	full	pending	compact 16m layers 4-8 same-layer mean target t+1..t+4 with 20pct aux dropout	2.116224	4.329300	3.635137	3.050288	16.685547	4.127203	3.543745	2.542955	14.859375	0.200195	0.005005	0.000000	0.197000	0.603	21657.626851	5120000	5000	317.225610	cuda	bfloat16	adamw	0.00030000	0.01000000	8	128	1	8	sweep_configs/compact_16m_layers_4_8_mean_t1_t4_drop20.yaml		/workspace/jepa-code/architechtures/v2/runs/autoresearch/compact16m-5k-layers4-8-mean-t1-t4-drop20-20260425
2026-04-25T05:17:23+00:00	c9ed5ac	compact16m-5k-topthird-mean-t1-t4-cosine-20260425	full	pending	compact 16m top-third same-layer mean target t+1..t+4 with normalized cosine JEPA and 10pct aux dropout	2.123667	3.831683	3.647982	0.787334	5.210938	3.714649	3.532400	0.776176	5.367188	0.200195	0.005005	0.000000	0.098600	0.584	22157.280726	5120000	5000	289.296017	cuda	bfloat16	adamw	0.00030000	0.01000000	8	128	1	8	sweep_configs/compact_16m_topthird_mean_t1_t4_cosine.yaml		/workspace/jepa-code/architechtures/v2/runs/autoresearch/compact16m-5k-topthird-mean-t1-t4-cosine-20260425
2026-04-25T05:32:45+00:00	c9ed5ac	compact16m-5k-topthird-residual-delta-t1-t4-20260425	full	pending	compact 16m top-third projected residual-stream delta target t+1..t+4 with 10pct aux dropout	2.123149	3.849419	3.646943	0.897406	4.559570	3.704264	3.505589	0.876388	4.640625	0.200195	0.005005	0.000000	0.098600	0.584	22017.005234	5120000	5000	333.789363	cuda	bfloat16	adamw	0.00030000	0.01000000	8	128	1	8	sweep_configs/compact_16m_topthird_residual_delta_t1_t4.yaml		/workspace/jepa-code/architechtures/v2/runs/autoresearch/compact16m-5k-topthird-residual-delta-t1-t4-20260425
2026-04-25T06:48:35+00:00	4540394	compact16m-5k-topthird-final-future-nosigreg-t1-t4-20260425	full	pending	compact 16m top-third final-layer future teacher t+1..t+4 with no SIGReg	2.143707	3.830183	3.682296	0.738716	0.000000	3.873514	3.546469	1.633632	0.000000	0.200195	0.000000	0.000000	0.098600	0.584	24074.658894	5120000	5000	326.998018	cuda	bfloat16	adamw	0.00030000	0.01000000	8	128	1	8	sweep_configs/compact_16m_topthird_final_future_nosigreg_t1_t4.yaml		/workspace/jepa-code/architechtures/v2/runs/autoresearch/compact16m-5k-topthird-final-future-nosigreg-t1-t4-20260425
2026-04-25T07:00:15+00:00	c9b31fb	compact16m-5k-topthird-mean-t1-t4-auxup-20260425	full	pending	compact 16m top-third same-layer mean target t+1..t+4 with stronger JEPA/SIGReg weights	2.120223	4.155834	3.641958	1.818791	7.882812	4.050608	3.539044	1.819159	7.562500	0.250000	0.007507	0.000000	0.098600	0.586	21686.934701	5120000	5000	295.211317	cuda	bfloat16	adamw	0.00030000	0.01000000	8	128	1	8	sweep_configs/compact_16m_topthird_mean_t1_t4_auxup.yaml		/workspace/jepa-code/architechtures/v2/runs/autoresearch/compact16m-5k-topthird-mean-t1-t4-auxup-20260425
2026-04-25T07:40:42+00:00	4bcfbb7	compact16m-5k-topthird-mean-t1-t4-split-latents-20260425	full	pending	compact 16m top-third split content/dynamics latents with same total latent width	2.206675	4.060630	3.790255	1.240986	4.382812	3.889156	3.690290	0.874608	4.750000	0.200195	0.005005	0.000000	0.098600	0.539	20069.002832	5120000	5000	345.869230	cuda	bfloat16	adamw	0.00030000	0.01000000	8	128	1	8	sweep_configs/compact_16m_topthird_mean_t1_t4_split_latents.yaml		/workspace/jepa-code/architechtures/v2/runs/autoresearch/compact16m-5k-topthird-mean-t1-t4-split-latents-20260425
2026-04-25T08:09:34+00:00	7caede6	compact16m-5k-topthird-mean-t1-t4-gated-adapter-20260425	full	pending	compact 16m top-third mean t+1..t+4 with zero-gated JEPA residual adapter	2.124057	4.084969	3.648525	1.936831	9.730469	3.965290	3.515023	2.019058	9.203125	0.200195	0.005005	0.000000	0.098600	0.595	22694.915117	5120000	5000	298.439852	cuda	bfloat16	adamw	0.00030000	0.01000000	8	128	1	8	sweep_configs/compact_16m_topthird_mean_t1_t4_gated_adapter.yaml		/workspace/jepa-code/architechtures/v2/runs/autoresearch/compact16m-5k-topthird-mean-t1-t4-gated-adapter-20260425
2026-04-25T18:20:24+00:00	7caede6	compact16m-live-gated-adapter-20260425	full	pending	live gated adapter test	2.119614	4.080371	3.641060	1.946998	9.896484	3.919208	3.520851	1.758985	9.234375	0.200195	0.005005	0.000000	0.098600	0.594	20478.750076	5120000	5000	341.264978	cuda	bfloat16	adamw	0.00030000	0.01000000	8	128	1	8	sweep_configs/compact_16m_topthird_mean_t1_t4_gated_adapter.yaml		/workspace/jepa-code/architechtures/v2/runs/autoresearch/compact16m-live-gated-adapter-20260425
2026-04-25T18:41:38+00:00	7caede6	compact16m-5k-gated-adapter-open005-gatelr10-20260425	full	pending	gated adapter with 0.05 gate init and 10x gate lr	2.115859	4.061300	3.634517	1.902584	9.169922	3.997533	3.544347	2.023488	9.609375	0.200195	0.005005	0.000000	0.098600	0.595	7399.451620	5120000	5000	541.088452	cuda	bfloat16	adamw	0.00030000	0.01000000	8	128	1	8	sweep_configs/compact_16m_topthird_mean_t1_t4_gated_adapter_open005.yaml		/workspace/jepa-code/architechtures/v2/runs/autoresearch/compact16m-5k-gated-adapter-open005-gatelr10-20260425
2026-04-25T19:00:04+00:00	7caede6	compact16m-5k-gated-adapter-open005-lmonly-gatelr10-20260425	full	pending	gated adapter only, no JEPA or SIGReg loss	2.134519	3.666683	3.666683	5.620328	0.000000	3.524817	3.524817	5.656126	0.000000	0.000000	0.000000	0.000000	0.000000	0.597	30956.504130	5120000	5000	204.266237	cuda	bfloat16	adamw	0.00030000	0.01000000	8	128	1	8	sweep_configs/compact_16m_topthird_mean_t1_t4_gated_adapter_open005_lmonly.yaml		/workspace/jepa-code/architechtures/v2/runs/autoresearch/compact16m-5k-gated-adapter-open005-lmonly-gatelr10-20260425
2026-04-25T19:22:27+00:00	7caede6	compact16m-5k-gated-adapter-open005-stopgrad-gatelr10-20260425	full	pending	gated adapter stop-gradient with 0.05 gate init and 10x gate lr	2.125496	4.089491	3.650987	1.959814	9.222656	3.941608	3.503399	1.970938	8.718750	0.200195	0.005005	0.000000	0.098600	0.596	11554.929502	5120000	5000	263.928142	cuda	bfloat16	adamw	0.00030000	0.01000000	8	128	1	8	sweep_configs/compact_16m_topthird_mean_t1_t4_gated_adapter_open005_stopgrad.yaml		/workspace/jepa-code/architechtures/v2/runs/autoresearch/compact16m-5k-gated-adapter-open005-stopgrad-gatelr10-20260425
2026-04-25T21:44:08+00:00	7caede6	compact16m-5k-topthird-mean-t1-t4-gqa-20260425	full	pending	compact top-third mean t1-t4 with GQA 8q 4kv	2.128756	4.108940	3.656711	2.057812	8.044922	4.024837	3.554275	2.126685	8.953125	0.200195	0.005005	0.000000	0.098600	0.521	29905.702640	5120000	5000	231.159995	cuda	bfloat16	adamw	0.00030000	0.01000000	8	128	1	8	sweep_configs/compact_16m_topthird_mean_t1_t4_gqa.yaml		/workspace/jepa-code/architechtures/v2/runs/autoresearch/compact16m-5k-topthird-mean-t1-t4-gqa-20260425
2026-04-25T21:56:50+00:00	7caede6	compact16m-5k-topthird-mean-t1-t4-currentcode-20260425	full	pending	current-code full MHA control for GQA comparison	2.114893	4.062249	3.632888	1.925763	8.757812	3.955646	3.529426	1.906754	8.890625	0.200195	0.005005	0.000000	0.098600	0.556	28247.071989	5120000	5000	234.742179	cuda	bfloat16	adamw	0.00030000	0.01000000	8	128	1	8	sweep_configs/compact_16m_topthird_mean_t1_t4.yaml		/workspace/jepa-code/architechtures/v2/runs/autoresearch/compact16m-5k-topthird-mean-t1-t4-currentcode-20260425
